{"domain_id": {"grid_name": "Colombia", "shape": [426, 482], "lenx": 9.649999999999999, "leny": 8.53, "resolution": 0.02, "xstart": 283.0, "ystart": 7.0}, "undo_history": [{"type": "MinDepthEditCommand", "attr": "min_depth", "new_value": 0.0, "old_value": 9.5}, {"type": "DepthEditCommand", "affected_indices": [[279, 95]], "new_values": [1000.0], "old_values": [3853.1769509253036]}, {"type": "MinDepthEditCommand", "attr": "min_depth", "new_value": 20.0, "old_value": 0.0}, {"type": "DepthEditCommand", "affected_indices": [[215, 263], [215, 264], [216, 262], [216, 263], [216, 264], [216, 265], [216, 266], [217, 261], [217, 262], [217, 263], [217, 264], [217, 265], [217, 266], [217, 267], [217, 268], [217, 269], [218, 259], [218, 260], [218, 261], [218, 262], [218, 263], [218, 264], [218, 265], [218, 266], [218, 267], [218, 268], [218, 269], [218, 270], [218, 271], [218, 275], [219, 259], [219, 260], [219, 261], [219, 262], [219, 263], [219, 264], [219, 265], [219, 266], [219, 267], [219, 270], [219, 271], [219, 272], [219, 273], [219, 274], [219, 275], [219, 276], [219, 282], [220, 260], [220, 261], [220, 262], [220, 263], [220, 264], [220, 265], [220, 266], [220, 267], [220, 268], [220, 269], [220, 270], [220, 271], [220, 272], [220, 273], [220, 274], [220, 275], [220, 276], [220, 282], [221, 258], [221, 259], [221, 260], [221, 261], [221, 262], [221, 263], [221, 264], [221, 265], [221, 266], [221, 267], [221, 268], [221, 269], [221, 270], [221, 271], [221, 272], [221, 273], [221, 274], [221, 275], [221, 276], [221, 277], [221, 280], [221, 281], [221, 282], [221, 283], [222, 258], [222, 259], [222, 260], [222, 261], [222, 262], [222, 263], [222, 264], [222, 265], [222, 266], [222, 267], [222, 268], [222, 269], [222, 270], [222, 271], [222, 272], [222, 273], [222, 274], [222, 275], [222, 276], [222, 277], [222, 280], [222, 281], [222, 282], [222, 283], [222, 284], [223, 259], [223, 260], [223, 261], [223, 262], [223, 263], [223, 264], [223, 265], [223, 266], [223, 267], [223, 268], [223, 269], [223, 270], [223, 271], [223, 272], [223, 273], [223, 274], [223, 275], [223, 276], [223, 277], [223, 280], [223, 281], [223, 282], [223, 283], [223, 284], [223, 285], [223, 286], [223, 288], [224, 259], [224, 260], [224, 261], [224, 262], [224, 263], [224, 264], [224, 265], [224, 266], [224, 267], [224, 268], [224, 269], [224, 270], [224, 271], [224, 272], [224, 273], [224, 274], [224, 275], [224, 276], [224, 277], [224, 278], [224, 279], [224, 280], [224, 281], [224, 282], [224, 284], [224, 285], [224, 286], [224, 287], [224, 288], [224, 289], [225, 260], [225, 261], [225, 262], [225, 263], [225, 264], [225, 265], [225, 267], [225, 268], [225, 269], [225, 270], [225, 271], [225, 272], [225, 273], [225, 274], [225, 275], [225, 276], [225, 279], [225, 280], [225, 281], [225, 282], [226, 261], [226, 262], [226, 264], [226, 265], [226, 266], [226, 267], [226, 268], [226, 269], [226, 270], [226, 271], [226, 272], [226, 273], [226, 274], [226, 275], [227, 265], [227, 266], [227, 267], [227, 268], [227, 269], [227, 270], [227, 271], [227, 272], [227, 273], [227, 274], [227, 275], [227, 276], [228, 269], [228, 270], [228, 271], [228, 272], [228, 273], [228, 274], [228, 275], [228, 276], [228, 277], [228, 280], [229, 273], [229, 274], [229, 275], [229, 276], [229, 277], [229, 279], [229, 280], [229, 284], [229, 285], [230, 274], [230, 275], [230, 276], [230, 277], [230, 278], [230, 279], [230, 280], [230, 281], [230, 284], [230, 285], [231, 278], [231, 279], [231, 280], [231, 281], [231, 282], [231, 283], [231, 284], [231, 285], [232, 283]], "new_values": [0, 0, 0, 0, 0, 0, 0, 0, 0, 0, 0, 0, 0, 0, 0, 0, 0, 0, 0, 0, 0, 0, 0, 0, 0, 0, 0, 0, 0, 0, 0, 0, 0, 0, 0, 0, 0, 0, 0, 0, 0, 0, 0, 0, 0, 0, 0, 0, 0, 0, 0, 0, 0, 0, 0, 0, 0, 0, 0, 0, 0, 0, 0, 0, 0, 0, 0, 0, 0, 0, 0, 0, 0, 0, 0, 0, 0, 0, 0, 0, 0, 0, 0, 0, 0, 0, 0, 0, 0, 0, 0, 0, 0, 0, 0, 0, 0, 0, 0, 0, 0, 0, 0, 0, 0, 0, 0, 0, 0, 0, 0, 0, 0, 0, 0, 0, 0, 0, 0, 0, 0, 0, 0, 0, 0, 0, 0, 0, 0, 0, 0, 0, 0, 0, 0, 0, 0, 0, 0, 0, 0, 0, 0, 0, 0, 0, 0, 0, 0, 0, 0, 0, 0, 0, 0, 0, 0, 0, 0, 0, 0, 0, 0, 0, 0, 0, 0, 0, 0, 0, 0, 0, 0, 0, 0, 0, 0, 0, 0, 0, 0, 0, 0, 0, 0, 0, 0, 0, 0, 0, 0, 0, 0, 0, 0, 0, 0, 0, 0, 0, 0, 0, 0, 0, 0, 0, 0, 0, 0, 0, 0, 0, 0, 0, 0, 0, 0, 0, 0, 0, 0, 0, 0, 0, 0, 0, 0, 0, 0, 0, 0, 0, 0, 0, 0, 0, 0, 0, 0, 0, 0, 0, 0, 0, 0, 0, 0, 0, 0, 0, 0, 0, 0, 0, 0], "old_values": [20.1140828460384, 20.11408280641217, 21.919717218654426, 22.0, 22.919716606255705, 21.98217786234699, 20.9978347502619, 21.7259219009565, 24.0, 23.725350445957325, 24.0, 22.999999999999996, 22.0, 21.0, 21.461997095946572, 21.0, 21.0, 21.0, 22.001101621941032, 23.0, 24.0, 24.0, 23.0, 22.516664650295777, 22.0, 21.0, 21.0, 20.530984608236132, 20.53098556973328, 20.530984523985214, 21.26012280187605, 22.0, 21.999999999999996, 22.999999999999996, 24.0, 23.999999999999996, 23.852735539257154, 22.999999999999996, 21.999999999999996, 21.0, 21.33661937205216, 21.336618854551723, 21.0, 21.646288002380093, 22.3366183245621, 20.999999999999996, 20.000000000000004, 20.857747595096953, 20.999999999999996, 22.0, 23.612031916435676, 24.49994273322943, 24.110673538115073, 23.138416635858864, 22.023905509001555, 21.14225188994169, 22.142251781484447, 23.0, 23.0, 22.020363969430914, 22.0, 22.0, 23.0, 21.923236674831504, 20.000000000000004, 20.947885611098215, 21.0, 21.0, 21.001966543764535, 22.0, 23.03189571450019, 24.0, 25.0, 24.0, 23.0, 22.0, 23.0, 23.246887966892206, 23.049410103597772, 23.0, 22.0, 22.947885565234493, 23.0, 22.000000000000004, 21.0, 21.0, 21.0, 20.999999999999996, 21.0, 21.587136929436127, 22.0, 22.0, 22.754032473334806, 23.0, 23.0, 24.0, 24.0, 24.0, 23.0, 23.0, 24.0, 24.0, 22.999999999999996, 22.0, 23.0, 23.0, 23.75351972591117, 23.753520625087276, 22.0, 20.999999999999996, 21.0, 21.0, 21.0, 20.364253134249072, 22.0, 24.0, 24.0, 23.107886526566023, 23.0, 24.0, 23.875872517683117, 23.0, 23.0, 23.0, 24.0, 24.0, 23.55915458092568, 23.47910918413202, 24.0, 24.0, 24.0, 24.440845572866692, 22.61128740852359, 21.000000000000004, 22.0, 21.0, 20.60209617882225, 20.270296029244413, 21.0, 20.55915414591209, 20.147328840983377, 21.39211618262072, 24.635212391263394, 24.999999999999996, 23.122561723527014, 23.000000000000004, 23.0, 22.635212493960353, 21.63521145390223, 21.0, 23.0, 25.0, 25.0, 24.36478838324865, 24.0, 24.0, 24.0, 24.000000000000007, 23.0, 21.678350836935927, 22.0, 21.0, 21.635212749237606, 21.0, 21.0, 22.000000000000004, 21.43094313495455, 21.0, 21.0, 20.731328815741872, 20.000000000000004, 21.16350574086733, 22.0, 22.0, 21.829579153586824, 22.0, 21.132589286543503, 20.170421540886736, 22.999999999999996, 25.0, 25.0, 25.0, 24.999999999999996, 25.0, 25.0, 24.0, 21.765896833190254, 21.0, 20.999999999999993, 21.000000000000007, 20.000000000000004, 20.00004967495835, 20.023944771376208, 21.0, 23.22199170133523, 21.97605615104067, 22.976055341962795, 23.636929460527515, 24.999999999999996, 24.999999999999996, 25.0, 25.0, 25.0, 24.53319502073311, 22.728215767562833, 21.0, 22.0058879618794, 24.83195020738922, 23.0, 23.0, 24.0, 25.999999999999996, 25.1431535270502, 25.0, 25.000000000000004, 22.728215767563956, 20.72168511138003, 20.18236592425772, 21.412677385380405, 23.412676407881463, 23.412676933119016, 24.0, 24.0, 23.0, 21.968321785753023, 20.118257261474454, 21.297078284756246, 22.66182572608534, 24.53319502073404, 23.713843004851487, 23.36279264867201, 21.464744242776042, 20.392955957174166, 22.0, 21.483402489636358, 21.0, 20.695522886648043, 20.80140986989545, 21.602817917674656, 21.706636741243514, 24.686721991631302, 24.0, 22.0, 21.918529191682435, 22.0, 22.0, 23.366319508638252, 23.5040752293584, 21.995776146641674, 21.894545040714284, 20.093361053274382, 21.003005788575948, 20.997818120377314, 20.67555774275145, 21.0]}, {"type": "MinDepthEditCommand", "attr": "min_depth", "new_value": 100.0, "old_value": 20.0}, {"type": "MinDepthEditCommand", "attr": "min_depth", "new_value": 80.0, "old_value": 100.0}], "redo_history": []}