{"domain_id": "panama1", "undo_history": [{"type": "GridStateCommand", "resolution": 0.09999999999999999, "xstart": 283.0, "lenx": 20.0, "ystart": 7.0, "leny": 8.05, "old_state": [0.09999999999999999, 283.0, 20.0, 7.0, 8.05]}], "redo_history": []}