{"domain_id": {"grid_name": "C", "shape": [138, 122], "lenx": 6.119999999999999, "leny": 6.93, "resolution": 0.05, "xstart": 283.0, "ystart": 8.610000000000001}, "undo_history": [], "redo_history": []}