{"domain_id": "panama1", "undo_history": [{"type": "GridStateCommand", "resolution": 0.03, "xstart": 273.0, "lenx": 9.0, "ystart": 9.0, "leny": 10.139999999999999, "old_state": [0.03, 273.0, 9.0, 9.0, 10.139999999999999]}], "redo_history": []}