{"domain_id": "panama1", "undo_history": [{"type": "GridStateCommand", "resolution": 0.02, "xstart": 283.0, "lenx": 9.979999999999999, "ystart": 8.780000000000001, "leny": 7.09, "old_state": [0.02, 283.0, 9.979999999999999, 8.780000000000001, 7.09]}, {"type": "GridStateCommand", "resolution": 0.02, "xstart": 283.0, "lenx": 9.979999999999999, "ystart": 8.780000000000001, "leny": 7.09, "old_state": [0.02, 283.0, 9.979999999999999, 8.780000000000001, 7.09]}], "redo_history": []}