{"domain_id": "panama1", "undo_history": [{"type": "GridStateCommand", "resolution": 0.03, "xstart": 280.5, "lenx": 10.299999999999999, "ystart": 5.3100000000000005, "leny": 8.85, "old_state": [0.03, 280.5, 10.299999999999999, 5.3100000000000005, 8.85]}, {"type": "GridStateCommand", "resolution": 0.03, "xstart": 280.5, "lenx": 10.299999999999999, "ystart": 5.3100000000000005, "leny": 8.85, "old_state": [0.03, 280.5, 10.299999999999999, 5.3100000000000005, 8.85]}], "redo_history": []}