{"domain_id": "panama1", "undo_history": [{"type": "GridStateCommand", "resolution": 0.02, "xstart": 283.0, "lenx": 9.0, "ystart": 9.0, "leny": 4.999999999999999, "old_state": [0.02, 283.0, 9.0, 9.0, 4.999999999999999]}], "redo_history": []}