{"domain_id": "panama1", "undo_history": [{"type": "GridStateCommand", "resolution": 0.40499999999999997, "xstart": 278.0, "lenx": 4.999999999999999, "ystart": 7.0, "leny": 4.999999999999999, "old_state": [0.40499999999999997, 278.0, 4.999999999999999, 7.0, 4.999999999999999]}, {"type": "GridStateCommand", "resolution": 0.40499999999999997, "xstart": 278.0, "lenx": 4.999999999999999, "ystart": 7.0, "leny": 4.999999999999999, "old_state": [0.40499999999999997, 278.0, 4.999999999999999, 7.0, 4.999999999999999]}], "redo_history": []}