{"domain_id": "panama1", "undo_history": [{"type": "GridStateCommand", "resolution": 0.02, "xstart": 283.0, "lenx": 9.649999999999999, "ystart": 7.0, "leny": 8.53, "old_state": [0.02, 283.0, 9.649999999999999, 7.0, 8.53]}, {"type": "GridStateCommand", "resolution": 0.02, "xstart": 283.0, "lenx": 9.649999999999999, "ystart": 7.0, "leny": 8.53, "old_state": [0.02, 283.0, 9.649999999999999, 7.0, 8.53]}], "redo_history": []}