{"domain_id": "panama1", "undo_history": [{"type": "GridStateCommand", "resolution": 0.22800000000000004, "xstart": 278.0, "lenx": 13.83, "ystart": 7.0, "leny": 4.999999999999999, "old_state": [0.22800000000000004, 278.0, 13.83, 7.0, 4.999999999999999]}, {"type": "GridStateCommand", "resolution": 0.22800000000000004, "xstart": 278.0, "lenx": 13.83, "ystart": 7.0, "leny": 4.999999999999999, "old_state": [0.22800000000000004, 278.0, 13.83, 7.0, 4.999999999999999]}], "redo_history": []}