{"domain_id": "panama1", "undo_history": [{"type": "GridStateCommand", "resolution": 0.05, "xstart": 278.0, "lenx": 7.909999999999998, "ystart": 7.0, "leny": 10.0, "old_state": [0.05, 278.0, 7.909999999999998, 7.0, 10.0]}, {"type": "GridStateCommand", "resolution": 0.05, "xstart": 278.0, "lenx": 7.909999999999998, "ystart": 7.0, "leny": 10.0, "old_state": [0.05, 278.0, 7.909999999999998, 7.0, 10.0]}], "redo_history": []}