{"domain_id": "panama1", "undo_history": [{"type": "GridStateCommand", "resolution": 0.05, "xstart": 283.0, "lenx": 6.119999999999999, "ystart": 8.610000000000001, "leny": 6.93, "old_state": [0.05, 283.0, 6.119999999999999, 8.610000000000001, 6.93]}, {"type": "GridStateCommand", "resolution": 0.05, "xstart": 283.0, "lenx": 6.119999999999999, "ystart": 8.610000000000001, "leny": 6.93, "old_state": [0.05, 283.0, 6.119999999999999, 8.610000000000001, 6.93]}], "redo_history": []}