{"domain_id": "virginia1", "undo_history": [{"type": "GridStateCommand", "resolution": 0.01, "xstart": 282.0, "lenx": 6.6, "ystart": 34.0, "leny": 4.999999999999999, "old_state": [0.01, 282.0, 6.6, 34.0, 4.999999999999999]}], "redo_history": []}