{"domain_id": "panama1", "undo_history": [{"type": "GridStateCommand", "resolution": 0.18700000000000003, "xstart": 283.0, "lenx": 20.0, "ystart": 7.0, "leny": 10.139999999999999, "old_state": [0.18700000000000003, 283.0, 20.0, 7.0, 10.139999999999999]}, {"type": "GridStateCommand", "resolution": 0.18700000000000003, "xstart": 283.0, "lenx": 20.0, "ystart": 7.0, "leny": 10.139999999999999, "old_state": [0.18700000000000003, 283.0, 20.0, 7.0, 10.139999999999999]}], "redo_history": []}